<iconset version="11" name="Incident Icons" defaultGroup="Incident Icons" uid="412c43f948b1664a3a0b513336b6c32382b13289a6ed2e91dd31e23d9d52a683" skipResize="false">
  <icon name="Animal.png" groupName="Incident Icons"/>
  <icon name="Area Command Post.png" groupName="Incident Icons"/>
  <icon name="CAP Asset Report.png" groupName="Incident Icons"/>
  <icon name="CAP Repeater.png" groupName="Incident Icons"/>
  <icon name="CLUE.png" groupName="Incident Icons"/>
  <icon name="Command Post.png" groupName="Incident Icons"/>
  <icon name="Crash Site.png" groupName="Incident Icons"/>
  <icon name="Electrical.png" groupName="Incident Icons"/>
  <icon name="ELT Signal.png" groupName="Incident Icons"/>
  <icon name="Emergency Operations Center.png" groupName="Incident Icons"/>
  <icon name="EMS.png" groupName="Incident Icons"/>
  <icon name="Fire.png" groupName="Incident Icons"/>
  <icon name="Flood.png" groupName="Incident Icons"/>
  <icon name="Hazard, Haz Materials.png" groupName="Incident Icons"/>
  <icon name="Hazard, Other.png" groupName="Incident Icons"/>
  <icon name="Helicopter Landing Zone.png" groupName="Incident Icons"/>
  <icon name="Incident Command Post.png" groupName="Incident Icons"/>
  <icon name="Initial Planning Point.png" groupName="Incident Icons"/>
  <icon name="Joint Operations Center.png" groupName="Incident Icons"/>
  <icon name="Multi-Agency Coordination Center.png" groupName="Incident Icons"/>
  <icon name="No Cellular Connection.png" groupName="Incident Icons"/>
  <icon name="Placeholder Other.png" groupName="Incident Icons"/>
  <icon name="PLT SIgnal.png" groupName="Incident Icons"/>
  <icon name="Reporting-Party.png" groupName="Incident Icons"/>
  <icon name="Staging Area.png" groupName="Incident Icons"/>
  <icon name="Structure, Damaged.png" groupName="Incident Icons"/>
  <icon name="Structure, Destroyed.png" groupName="Incident Icons"/>
  <icon name="Structure, Failed.png" groupName="Incident Icons"/>
  <icon name="Structure, No-Damage.png" groupName="Incident Icons"/>
  <icon name="Transportation, Route Block.png" groupName="Incident Icons"/>
</iconset>